Name,Address,Geo Location,in state,out of state,First Year Students,Acceptance Rate (T/F/M),Total Applicants,Applicants Stats (F/M),Percent Accepted that Attend,Sex,Percent (F/M),Retention,International Students,Asian and Pacific Islander,Black,Hispanic,Native American,Other,White
united states air force academy air force,2304 Cadet Drive Suite 3800 USAF Academy CO 80840,(39.0096 -104.89237),n/a,n/a,1091,('12%' '11%' '12%'),11687,('32%' '68%'),75%,Co-ed,('29%' '71%'),95%,1%,6%,6%,11%,&lt; 1%,13%,64%
united states coast guard academy coast guard,15 Mohegan Avenue New London CT 06320,(41.3715 -72.10267),n/a,n/a,277,('19%' '26%' '16%'),2070,('29%' '71%'),69%,Co-ed,('40%' '60%'),97%,1%,8%,3%,10%,2%,2%,75%
united states merchant marine academy,300 Steamboat Road Kings Point NY 11024,(40.8139 -73.76354),$780,$780,239,('25%' '25%' '25%'),1789,('20%' '80%'),53%,Co-ed,('17%' '83%'),98%,1%,8%,3%,10%,2%,3%,75%
united states military academy army,646 Swift Rd (ATTN: MASG) West  Point NY 10996,(41.37793 -73.9636),n/a,n/a,1201,('11%' '8%' '11%'),13955,('30%' '70%'),81%,Co-ed,('24%' '76%'),97%,1%,9%,12%,10%,1%,5%,63%
united states naval academy navy,121 Blake Road Annapolis MD 21402,(38.98151 -76.48542),n/a,n/a,1183,('8%' '8%' '8%'),16265,('29%' '71%'),86%,Co-ed,('29%' '71%'),97%,1%,8%,7%,12%,&lt; 1%,10%,63%
united talmudical seminary,191 Rodney St. Brooklyn NY 11211,(40.70532 -73.95951),$20000,$20000,438,n/a,n/a,n/a,n/a,Co-ed,('n/a' 'n/a'),80%,3%,&lt; 1%,&lt; 1%,&lt; 1%,&lt; 1%,&lt; 1%,100%
united tribes technical college,3315 University Dr Bismarck ND 58504,(46.76861 -100.76323),$9352,$9352,,n/a,n/a,n/a,n/a,,('n/a' 'n/a'),n/a,n/a
unity college,90 Quaker Hill Road Unity ME 04988,(44.60445 -69.33006),$23540,$23540,244,('91%' '92%' '89%'),2903,('70%' '30%'),9%,Co-ed,('70%' '30%'),71%,0%,1%,1%,1%,2%,10%,86%
universidad adventista de las antillas,Carr 106 Km 2.2 Int Mayaguez PR 00680-0000,(18.20936 -67.046),$13450,$13450,71,('100%' '100%' '100%'),137,('64%' '36%'),59%,Co-ed,('55%' '45%'),74%,4%,&lt; 1%,1%,98%,&lt; 1%,&lt; 1%,1%
universidad ana g mendez carolina campus,Carr. # 190 Esq. Calle 220 Bo. Sabana Abajo Carolina PR 00985-0985,(18.41541 -65.99158),$5820,$5820,726,n/a,n/a,n/a,n/a,Co-ed,('n/a' 'n/a'),72%,0%,&lt; 1%,&lt; 1%,100%,&lt; 1%,&lt; 1%,&lt; 1%
universidad ana g mendez cupey campus,1399 Ave. Ana G. Mendez San Juan PR 00926-2602,(18.38633 -66.06137),$5820,$5820,621,n/a,n/a,n/a,n/a,Co-ed,('n/a' 'n/a'),69%,0%,&lt; 1%,&lt; 1%,100%,&lt; 1%,&lt; 1%,&lt; 1%
universidad ana g mendez gurabo campus,Carr. # 189 Km 3.3 Gurabo PR 00778-3030,(38.89037 -77.03196),$5820,$5820,1189,n/a,n/a,n/a,n/a,Co-ed,('n/a' 'n/a'),73%,0%,&lt; 1%,&lt; 1%,100%,&lt; 1%,&lt; 1%,&lt; 1%
universidad central de bayamon,Avenida Zaya Verde La Milagrosa Barrio Hato Tejas Bayamon PR 00960-1725,(18.39863 -66.18293),$8222,$8222,96,('98%' '97%' '100%'),117,('65%' '35%'),90%,Co-ed,('68%' '32%'),81%,1%,&lt; 1%,&lt; 1%,100%,&lt; 1%,&lt; 1%,&lt; 1%
universidad central del caribe,Ramon Ruiz Arnau University Hospital Laurel Ave Bayamon PR 00960-6032,(18.368 -66.15797),$6597,$6597,7,('58%' '57%' '60%'),12,('58%' '42%'),100%,Co-ed,('57%' '43%'),100%,0%,&lt; 1%,&lt; 1%,92%,&lt; 1%,6%,1%
universidad del sagrado corazon,Calle Rosales Esq San Antonio Pda 26 1/2 Santurce PR 00907,(18.45349 -66.0751),$15620,$15620,483,('62%' '59%' '65%'),2188,('66%' '34%'),38%,Co-ed,('63%' '37%'),65%,0%,&lt; 1%,&lt; 1%,100%,&lt; 1%,&lt; 1%,&lt; 1%
universidad politecnica de puerto rico,377 Ponce de Leon Ave Hato Rey PR 00919,(18.42215 -66.05692),$18630,$18630,471,n/a,n/a,n/a,n/a,Co-ed,('n/a' 'n/a'),75%,0%,&lt; 1%,&lt; 1%,99%,&lt; 1%,&lt; 1%,&lt; 1%
universidad teologica del caribe,Road 848 Km. 0.5 Callejon Marquez Bo. Saint Just Trujillo Alto PR 00978-0901,(18.372 -66.00877),$6510,$6510,8,n/a,n/a,n/a,n/a,Co-ed,('n/a' 'n/a'),55%,31%,&lt; 1%,&lt; 1%,100%,&lt; 1%,&lt; 1%,&lt; 1%
university at buffalo,12 Capen Hall Buffalo NY 14260,(43.00033 -78.78934),$26234,$44154,4309,('70%' '71%' '68%'),30750,('52%' '48%'),20%,Co-ed,('47%' '53%'),87%,16%,17%,9%,9%,&lt; 1%,10%,56%
university of advancing technology,2625 W Baseline Rd Tempe AZ 85283,(33.37761 -111.97534),$28566,$28566,39,('91%' '89%' '91%'),737,('27%' '73%'),13%,Co-ed,('25%' '75%'),61%,1%,2%,13%,15%,4%,17%,49%
university of akron,302 Buchtel Common Akron OH 44325,(41.07611 -81.5072),$22304,$22304,2163,('85%' '85%' '84%'),11332,('55%' '45%'),22%,Co-ed,('48%' '52%'),72%,2%,3%,12%,3%,&lt; 1%,7%,75%
university of akron wayne college,1901 Smucker Rd Orrville OH 44667,(40.86124 -81.78935),$6505,$6505,168,('86%' '83%' '89%'),359,('56%' '44%'),58%,Co-ed,('51%' '49%'),55%,0%,1%,3%,3%,&lt; 1%,5%,87%
university of alabama,739 University Blvd Tuscaloosa AL 35487,(33.2096 -87.54638),$25554,$45024,7593,('79%' '78%' '79%'),42421,('63%' '37%'),23%,Co-ed,('57%' '43%'),88%,2%,1%,11%,5%,&lt; 1%,4%,79%
university of alabama at birmingham uab,Administration Bldg Suite 1070 Birmingham AL 35294,(33.52131 -86.93405),$20875,$32707,2415,('89%' '90%' '84%'),11906,('65%' '35%'),23%,Co-ed,('65%' '35%'),82%,3%,6%,28%,3%,&lt; 1%,5%,58%
university of alabama in huntsville uah,301 Sparkman Dr Huntsville AL 35899,(34.72345 -86.6441),$22252,$34648,1204,('74%' '66%' '80%'),5781,('50%' '50%'),28%,Co-ed,('35%' '65%'),83%,3%,4%,11%,5%,1%,6%,73%
university of alaska anchorage,3211 Providence Drive Anchorage AK 99508,(61.18989 -149.81814),$21284,$37890,990,('69%' '69%' '68%'),3431,('57%' '43%'),42%,Co-ed,('55%' '45%'),67%,2%,7%,3%,7%,6%,17%,59%
university of alaska fairbanks uaf,1731 South Chandalar Drive Fairbanks AK 99775,(64.85648 -147.82283),$17788,$31924,678,('65%' '62%' '66%'),1402,('54%' '46%'),75%,Co-ed,('53%' '47%'),73%,1%,3%,3%,6%,20%,21%,47%
university of alaska southeast,11066 Auke Lake Way Juneau AK 99801,(58.3847 -134.64058),$16760,$30896,149,('56%' '54%' '59%'),464,('64%' '36%'),57%,Co-ed,('58%' '42%'),74%,1%,5%,1%,6%,13%,20%,55%
university of arizona,1401 E University Tucson AZ 85721,(32.23207 -110.95061),$26186,$50708,8436,('87%' '88%' '85%'),48065,('57%' '43%'),20%,Co-ed,('60%' '40%'),81%,7%,6%,4%,29%,1%,7%,53%
university of arkansas,Administration Bldg 425 Fayetteville AR 72701,(36.06191 -94.15861),$21516,$38332,6065,('83%' '83%' '80%'),21462,('60%' '40%'),34%,Co-ed,('58%' '42%'),84%,4%,3%,5%,9%,1%,5%,78%
university of arkansas at little rock ua little rock,2801 S University Ave Little Rock AR 72204,(34.72449 -92.34143),$17528,$28119,481,('58%' '56%' '59%'),3786,('65%' '35%'),22%,Co-ed,('55%' '45%'),68%,3%,2%,24%,5%,&lt; 1%,10%,58%
university of arkansas at monticello,Highway 425 South Monticello AR 71656,(33.62016 -91.80178),$15177,$21027,,n/a,n/a,n/a,n/a,,('n/a' 'n/a'),61%,1%,1%,27%,4%,1%,4%,64%
university of arkansas at pine bluff,1200 N University Mail Slot 4789 Pine Bluff AR 71601,(34.24077 -92.01858),$17022,$23892,677,('68%' '68%' '65%'),4699,('63%' '37%'),21%,Co-ed,('58%' '42%'),70%,1%,&lt; 1%,93%,1%,&lt; 1%,2%,4%
university of arkansas community college batesville,2005 White Drive Batesville AR 72503-3350,(35.79246 -91.61658),$2862,$3438,179,n/a,n/a,n/a,n/a,Co-ed,('n/a' 'n/a'),54%,1%,1%,2%,7%,1%,5%,84%
university of arkansas community college morrilton,1537 University Blvd. Morrilton AR 72110,(35.17069 -92.72902),$3456,$4128,390,('100%' '100%' '100%'),850,('56%' '44%'),54%,Co-ed,('52%' '48%'),58%,2%,1%,8%,10%,&lt; 1%,6%,75%
university of arkansas community college rich mountain,1100 College Dr Mena AR 71953,(34.59019 -94.22017),$12126,$12366,172,n/a,n/a,n/a,n/a,Co-ed,('n/a' 'n/a'),65%,4%,1%,2%,10%,2%,2%,82%
university of arkansas fort smith,5210 Grand Ave Fort Smith AR 72913,(35.3844 -94.37574),$15224,$22496,,n/a,n/a,n/a,n/a,,('n/a' 'n/a'),64%,1%,5%,4%,12%,2%,8%,67%
university of arkansas hope texarkana,2500 S Main Hope AR 71801,(33.64006 -93.59347),$3340,$4390,102,n/a,n/a,n/a,n/a,Co-ed,('n/a' 'n/a'),67%,0%,&lt; 1%,29%,9%,&lt; 1%,3%,58%
university of arkansas pulaski technical college,3000 W Scenic Dr North Little Rock AR 72118-3347,(34.78136 -92.29875),$5670,$6900,729,n/a,n/a,n/a,n/a,Co-ed,('n/a' 'n/a'),55%,0%,2%,38%,8%,1%,10%,42%
university of baltimore,Charles at Mount Royal Baltimore MD 21201-5720,(39.30639 -76.61633),$9364,$22550,60,('89%' '90%' '88%'),265,('65%' '35%'),28%,Co-ed,('62%' '38%'),68%,3%,5%,40%,8%,&lt; 1%,8%,38%
university of bridgeport,126 Park Avenue Bridgeport CT 06604,(41.16443 -73.18988),$52110,$52110,238,('73%' '75%' '69%'),4940,('63%' '37%'),7%,Co-ed,('68%' '32%'),67%,12%,4%,37%,24%,1%,5%,29%
university of california berkeley uc berkeley,200 California Hall Berkeley CA 94720,(37.87149 -122.26029),$34462,$64216,6931,('14%' '16%' '11%'),112843,('52%' '48%'),43%,Co-ed,('57%' '43%'),97%,13%,39%,2%,18%,&lt; 1%,11%,29%
university of california davis uc davis,One Shields Avenue Davis CA 95616,(38.54063 -121.74803),$31663,$61417,7482,('49%' '52%' '44%'),87120,('53%' '47%'),18%,Co-ed,('58%' '42%'),92%,16%,34%,3%,25%,&lt; 1%,8%,30%
university of california irvine uc irvine,501 Aldrich Hall Irvine CA 92697,(33.64627 -117.84254),$30644,$60398,6489,('29%' '31%' '26%'),107950,('52%' '48%'),21%,Co-ed,('59%' '41%'),93%,17%,43%,2%,32%,&lt; 1%,6%,17%
university of california los angeles ucla,405 Hilgard Ave Los Angeles CA 90095,(34.07242 -118.43929),$30021,$59775,6584,('11%' '11%' '9%'),139489,('53%' '47%'),44%,Co-ed,('63%' '37%'),97%,12%,32%,4%,25%,&lt; 1%,8%,30%
university of california merced uc merced,5200 North Lake Road Merced CA 95343,(37.36331 -120.43118),$32558,$62312,2410,('87%' '88%' '84%'),27793,('52%' '48%'),10%,Co-ed,('50%' '50%'),81%,7%,22%,5%,57%,&lt; 1%,4%,11%
university of california riverside uc riverside,900 University Ave Riverside CA 92521,(33.97521 -117.33269),$30618,$60372,5203,('65%' '68%' '62%'),52672,('53%' '47%'),15%,Co-ed,('53%' '47%'),89%,4%,35%,4%,41%,&lt; 1%,6%,13%
university of california san diego ucsd,9500 Gilman Dr La Jolla CA 92093,(32.87711 -117.23794),$30845,$60599,7544,('34%' '36%' '32%'),118386,('52%' '48%'),19%,Co-ed,('55%' '45%'),94%,20%,43%,2%,23%,&lt; 1%,8%,24%
university of california santa barbara ucsb,5221 Cheadle Hall Santa Barbara CA 93106,(34.41567 -119.84699),$31116,$60870,4900,('29%' '31%' '26%'),105641,('54%' '46%'),16%,Co-ed,('60%' '40%'),92%,10%,20%,3%,29%,&lt; 1%,12%,35%
university of california santa cruz ucsc,1156 High St Santa Cruz CA 95064,(36.9771 -122.05222),$31499,$61253,4187,('59%' '62%' '54%'),61695,('53%' '47%'),12%,Co-ed,('54%' '46%'),88%,6%,24%,2%,30%,&lt; 1%,10%,34%
university of central arkansas,201 Donaghey Ave Conway AR 72035,(35.08064 -92.45416),$17459,$24329,1854,('92%' '92%' '91%'),6057,('64%' '36%'),33%,Co-ed,('63%' '37%'),74%,6%,2%,17%,6%,1%,5%,70%
university of central florida ucf,4000 Central Florida Blvd Orlando FL 32816,(28.60093 -81.20064),$17866,$33965,7090,('36%' '35%' '37%'),48929,('58%' '42%'),40%,Co-ed,('54%' '46%'),90%,3%,6%,12%,27%,&lt; 1%,5%,50%
university of central missouri,108 W South Street Warrensburg MO 64093,(38.76029 -93.7408),$18429,$26177,1158,('76%' '75%' '76%'),5103,('59%' '41%'),30%,Co-ed,('54%' '46%'),70%,2%,3%,9%,5%,&lt; 1%,8%,75%
university of central oklahoma,100 N University Dr Edmond OK 73034,(35.65588 -97.475),$16488,$27375,1662,('81%' '82%' '79%'),8708,('59%' '41%'),23%,Co-ed,('61%' '39%'),65%,6%,4%,10%,11%,4%,13%,59%
university of charleston west virginia,2300 MacCorkle Avenue  SE Charleston WV 25304,(38.33114 -81.61451),$41300,$41300,246,('70%' '68%' '71%'),1984,('66%' '34%'),18%,Co-ed,('58%' '42%'),67%,6%,1%,9%,2%,1%,36%,51%
university of chicago,5801 S Ellis Ave Chicago IL 60637,(41.78958 -87.60128),$79926,$79926,2053,('6%' '5%' '7%'),37958,('53%' '47%'),83%,Co-ed,('48%' '52%'),99%,15%,22%,6%,15%,&lt; 1%,10%,47%
university of cincinnati,2624 Clifton Avenue Cincinnati OH 45221,(39.13025 -84.52063),$24886,$40220,5400,('85%' '83%' '86%'),25775,('55%' '45%'),25%,Co-ed,('50%' '50%'),86%,5%,4%,8%,3%,&lt; 1%,7%,77%
university of cincinnati blue ash college,9555 Plainfield Rd Blue Ash OH 45236,(39.23275 -84.40078),$18780,$27578,,n/a,n/a,n/a,n/a,,('n/a' 'n/a'),n/a,n/a
university of cincinnati clermont college,4200 Clermont College Dr Batavia OH 45103,(39.07899 -84.19574),$6086,$13318,336,n/a,n/a,n/a,n/a,Co-ed,('n/a' 'n/a'),n/a,n/a
university of colorado boulder cu boulder,Regent Drive at Broadway Boulder CO 80309,(40.00346 -105.26775),$28172,$53990,6785,('80%' '83%' '75%'),54756,('52%' '48%'),16%,Co-ed,('45%' '55%'),88%,7%,6%,2%,13%,&lt; 1%,7%,73%
university of colorado colorado springs,1420 Austin Bluffs Parkway Colorado Springs CO 80918,(38.89013 -104.79675),$19686,$32142,1409,('95%' '95%' '94%'),11900,('61%' '39%'),12%,Co-ed,('52%' '48%'),69%,1%,4%,4%,19%,&lt; 1%,10%,63%
university of colorado denver cu denver,1380 Lawrence Street Lawrence Street Center Suite 1400 Denver CO 80217,(39.74631 -104.99946),$23174,$40166,1688,('72%' '73%' '70%'),14428,('62%' '38%'),16%,Co-ed,('59%' '41%'),72%,5%,9%,6%,25%,&lt; 1%,9%,51%
university of connecticut stamford,One University Place Stamford CT 06901,(41.05565 -73.54321),$32462,$55130,764,('76%' '75%' '75%'),5673,('54%' '46%'),18%,Co-ed,('46%' '54%'),80%,6%,10%,12%,28%,&lt; 1%,5%,45%
university of connecticut uconn,352 Mansfield Road Storrs CT 06269,(41.80817 -72.2495),$31782,$54450,3663,('56%' '60%' '49%'),36753,('55%' '45%'),18%,Co-ed,('55%' '45%'),93%,8%,12%,7%,11%,&lt; 1%,7%,63%
university of dallas,1845 E Northgate Drive Irving TX 75062,(32.84821 -96.9205),$60336,$60336,476,('58%' '60%' '54%'),4990,('61%' '39%'),16%,Co-ed,('59%' '41%'),79%,4%,6%,2%,23%,1%,5%,63%
university of dayton,300 College Park Dayton OH 45469,(39.74038 -84.17704),$59760,$59760,2126,('81%' '84%' '77%'),17262,('49%' '51%'),15%,Co-ed,('47%' '53%'),91%,8%,2%,3%,5%,&lt; 1%,6%,84%
university of delaware,104 Hullihen Hall Newark DE 19716,(39.68001 -75.7536),$28762,$50622,4617,('72%' '74%' '68%'),34111,('61%' '39%'),19%,Co-ed,('62%' '38%'),90%,5%,6%,6%,8%,&lt; 1%,6%,74%
university of denver,2199 S. University Blvd Denver CO 80208,(39.67667 -104.95938),$69493,$69493,1621,('64%' '64%' '62%'),22694,('58%' '42%'),11%,Co-ed,('56%' '44%'),88%,8%,5%,2%,12%,&lt; 1%,7%,74%
university of detroit mercy,4001 W McNichols Rd Detroit MI 48221,(42.41479 -83.13766),$40394,$40394,565,('93%' '92%' '93%'),4435,('35%' '65%'),14%,Co-ed,('67%' '33%'),83%,8%,6%,16%,6%,&lt; 1%,12%,60%
university of dubuque,2000 University Ave Dubuque IA 52001,(42.49856 -90.69209),$46310,$46310,335,('76%' '75%' '76%'),1905,('37%' '63%'),23%,Co-ed,('37%' '63%'),66%,6%,2%,16%,10%,&lt; 1%,8%,64%
university of evansville,1800 Lincoln Avenue Evansville IN 47722,(37.96995 -87.53238),$53226,$53226,327,('75%' '75%' '74%'),3661,('63%' '37%'),12%,Co-ed,('62%' '38%'),86%,12%,2%,4%,3%,&lt; 1%,18%,73%
university of findlay,1000 North Main Street Findlay OH 45840,(41.05372 -83.65009),$47676,$47676,647,('84%' '83%' '82%'),3554,('70%' '30%'),22%,Co-ed,('69%' '31%'),80%,6%,1%,3%,3%,&lt; 1%,5%,88%
university of florida,Tigert Hall Gainesville FL 32611,(29.65007 -82.33932),$16781,$39059,6787,('30%' '30%' '29%'),51207,('57%' '43%'),44%,Co-ed,('57%' '43%'),97%,3%,9%,7%,22%,&lt; 1%,7%,55%
university of georgia,Administration Building Athens GA 30602,(33.94762 -83.37615),$22520,$41560,5819,('40%' '42%' '35%'),39211,('60%' '40%'),37%,Co-ed,('63%' '37%'),95%,2%,10%,8%,6%,&lt; 1%,5%,70%
university of hartford,200 Bloomfield Ave West Hartford CT 06117,(41.79395 -72.71659),$58238,$58238,977,('79%' '78%' '79%'),13459,('61%' '39%'),9%,Co-ed,('55%' '45%'),76%,5%,4%,14%,12%,&lt; 1%,19%,51%
university of hawaii at hilo,200 W Kawili St Hilo HI 96720,(19.69875 -155.08081),$16086,$29046,459,('92%' '92%' '90%'),2863,('69%' '31%'),17%,Co-ed,('63%' '37%'),66%,4%,26%,1%,16%,1%,34%,22%
university of hawaii at manoa uh manoa,2500 Campus Road Honolulu HI 96822,(21.29936 -157.82016),$25828,$47860,2939,('70%' '69%' '71%'),19464,('71%' '29%'),21%,Co-ed,('64%' '36%'),79%,4%,42%,2%,12%,&lt; 1%,26%,18%
university of hawaii maui college,310 W Kaahumanu Ave Kahului HI 96732-1617,(20.88986 -156.47661),$3278,$8414,270,n/a,n/a,n/a,n/a,Co-ed,('n/a' 'n/a'),92%,2%,28%,1%,16%,6%,33%,16%
university of hawaii west oahu,91-1001 Farrington Highway Kapolei HI 96707-4507,(21.35644 -158.05661),$7584,$20544,184,('95%' '95%' '93%'),724,('62%' '38%'),31%,Co-ed,('54%' '46%'),62%,1%,39%,2%,15%,4%,31%,9%
university of holy cross,4123 Woodland Drive New Orleans LA 70131,(29.91167 -89.99511),$24237,$24237,61,('75%' '76%' '71%'),1320,('76%' '24%'),6%,Co-ed,('83%' '17%'),76%,2%,4%,29%,12%,1%,8%,47%
university of houston,212 E. Cullen Building Houston TX 77204,(29.72049 -95.34325),$19661,$31853,5437,('66%' '66%' '64%'),29721,('57%' '43%'),28%,Co-ed,('55%' '45%'),85%,4%,23%,11%,36%,&lt; 1%,5%,26%
university of houston clear lake,2700 Bay Area Blvd Houston TX 77058,(29.57838 -95.1061),$17579,$30875,334,('91%' '90%' '91%'),1793,('62%' '38%'),20%,Co-ed,('58%' '42%'),74%,2%,6%,8%,40%,&lt; 1%,4%,41%
university of houston downtown,1 Main Street Houston TX 77002-1014,(29.76356 -95.35965),$7708,$17524,1137,('95%' '96%' '92%'),6148,('60%' '40%'),23%,Co-ed,('58%' '42%'),64%,5%,9%,21%,54%,&lt; 1%,3%,13%
university of houston victoria,3007 N. Ben Wilson Victoria TX 77901,(28.81714 -96.97554),$17381,$27173,153,('53%' '55%' '49%'),2272,('60%' '40%'),13%,Co-ed,('61%' '39%'),56%,2%,7%,17%,40%,&lt; 1%,3%,33%
university of idaho,875 Perimeter Drive MS 2282 Moscow ID 83844,(46.72781 -117.0243),$17950,$37186,1656,('81%' '83%' '79%'),9814,('52%' '48%'),21%,Co-ed,('51%' '49%'),81%,5%,2%,1%,11%,1%,12%,73%
university of illinois at chicago uic,601 S Morgan Chicago IL 60607,(41.87396 -87.65176),$26376,$40726,4177,('79%' '81%' '74%'),22791,('57%' '43%'),23%,Co-ed,('55%' '45%'),80%,5%,22%,8%,34%,&lt; 1%,4%,32%
university of illinois at springfield,One University Plaza Springfield IL 62703,(39.72897 -89.61912),$22321,$31936,264,('79%' '80%' '78%'),2496,('64%' '36%'),13%,Co-ed,('62%' '38%'),77%,4%,4%,14%,9%,&lt; 1%,4%,69%
university of illinois at urbana champaign uiuc,601 E John Street Champaign IL 61820,(40.10914 -88.22999),$27936,$45386,8297,('60%' '66%' '54%'),47593,('43%' '57%'),29%,Co-ed,('46%' '54%'),93%,16%,22%,7%,13%,&lt; 1%,5%,53%
university of indianapolis,1400 E Hanna Ave Indianapolis IN 46227,(39.70829 -86.13718),$44920,$44920,1052,('78%' '80%' '73%'),10212,('63%' '37%'),13%,Co-ed,('66%' '34%'),74%,7%,2%,10%,6%,&lt; 1%,14%,68%
university of iowa,101 Jessup Hall Iowa City IA 52242,(41.66251 -91.53662),$21722,$43685,4521,('86%' '87%' '84%'),22434,('57%' '43%'),23%,Co-ed,('59%' '41%'),86%,9%,5%,4%,8%,&lt; 1%,7%,76%
university of jamestown,608 6th St NE Jamestown ND 58405,(46.90321 -98.70043),$31814,$31814,325,('76%' '77%' '75%'),1256,('35%' '65%'),34%,Co-ed,('48%' '52%'),60%,9%,2%,4%,7%,1%,4%,82%
university of kansas,Strong Hall 1450 Jayhawk Blvd Room 230 Lawrence KS 66045,(38.95802 -95.24798),$21066,$37934,4119,('92%' '95%' '88%'),15275,('54%' '46%'),29%,Co-ed,('54%' '46%'),84%,7%,5%,5%,9%,&lt; 1%,6%,75%
university of kentucky,South Limestone Lexington KY 40506,(38.03116 -84.5096),$26610,$45608,4721,('94%' '95%' '92%'),21654,('59%' '41%'),23%,Co-ed,('58%' '42%'),85%,3%,3%,8%,5%,&lt; 1%,7%,77%
university of la verne,1950 Third St La Verne CA 91750,(34.1015 -117.77399),$60320,$60320,680,('72%' '74%' '68%'),5004,('59%' '41%'),19%,Co-ed,('59%' '41%'),83%,3%,6%,6%,52%,&lt; 1%,13%,22%
university of louisiana at lafayette ul lafayette,104 University Circle Lafayette LA 70503,(30.2165 -92.01824),$22130,$35858,2693,('78%' '79%' '76%'),10409,('62%' '38%'),33%,Co-ed,('59%' '41%'),75%,2%,3%,21%,6%,&lt; 1%,5%,66%
university of louisiana at monroe ulm,700 University Avenue Monroe LA 71209,(32.52831 -92.07567),$18448,$30548,1140,('70%' '70%' '68%'),4945,('63%' '37%'),33%,Co-ed,('63%' '37%'),71%,3%,2%,24%,2%,&lt; 1%,5%,66%
university of louisville,2301 S 3rd St Louisville KY 40292,(38.21537 -85.76208),$22222,$38568,2695,('75%' '74%' '74%'),15455,('58%' '42%'),23%,Co-ed,('55%' '45%'),80%,2%,4%,12%,5%,&lt; 1%,6%,73%
university of lynchburg,1501 Lakeside Dr Lynchburg VA 24501,(37.40191 -79.18256),$46960,$46960,336,('97%' '97%' '96%'),3102,('62%' '38%'),11%,Co-ed,('61%' '39%'),79%,2%,1%,11%,4%,&lt; 1%,8%,75%
university of maine,168 College Avenue Orono ME 04469,(44.89551 -68.67372),$23698,$45298,2317,('96%' '96%' '96%'),14940,('55%' '45%'),16%,Co-ed,('49%' '51%'),78%,3%,2%,2%,4%,1%,8%,84%
university of maine at augusta,46 University Dr Augusta ME 04330,(44.33925 -69.79602),$16578,$27438,,n/a,n/a,n/a,n/a,,('n/a' 'n/a'),59%,1%,1%,1%,2%,2%,15%,79%
university of maine at farmington umf,224 Main St. Farmington ME 04938,(44.66886 -70.14977),$19926,$31116,345,('97%' '97%' '95%'),1569,('67%' '33%'),23%,Co-ed,('70%' '30%'),71%,1%,1%,2%,2%,&lt; 1%,6%,89%
university of maine at fort kent,23 University Drive Fort Kent ME 04743,(47.25068 -68.58978),$17625,$22035,67,('100%' '100%' '99%'),800,('66%' '34%'),8%,Co-ed,('62%' '38%'),63%,4%,1%,2%,2%,1%,33%,62%
university of maine at machias,116 O'Brien Ave Machias ME 04654,(44.71014 -67.45829),$16882,$24232,,n/a,n/a,n/a,n/a,,('n/a' 'n/a'),55%,1%,&lt; 1%,2%,4%,3%,14%,76%
university of maine at presque isle,181 Main St Presque Isle ME 04769,(46.67271 -68.01532),$17505,$21915,162,('100%' '100%' '99%'),800,('66%' '34%'),20%,Co-ed,('58%' '42%'),62%,3%,1%,2%,2%,1%,15%,79%
university of management and technology,1901 Fort Myer Drive Suite 700 Arlington VA 22209-1609,(38.89719 -77.07222),$9450,$9450,2,n/a,n/a,n/a,n/a,Co-ed,('n/a' 'n/a'),n/a,n/a
university of mary,7500 University Dr Bismarck ND 58504,(46.72798 -100.75239),$28280,$28280,510,('79%' '79%' '76%'),1532,('59%' '41%'),42%,Co-ed,('61%' '39%'),82%,0%,2%,2%,5%,2%,11%,79%
university of mary hardin baylor,900 College St Belton TX 76513,(31.06518 -97.46326),$41000,$41000,861,('99%' '99%' '99%'),14587,('71%' '29%'),6%,Co-ed,('58%' '42%'),73%,1%,2%,15%,21%,1%,5%,57%
university of mary washington,1301 College Ave Fredericksburg VA 22401,(38.30027 -77.47516),$25920,$42346,654,('82%' '81%' '82%'),5027,('65%' '35%'),16%,Co-ed,('65%' '35%'),82%,2%,4%,8%,9%,&lt; 1%,9%,69%
university of maryland baltimore county umbc,1000 Hilltop Circle Baltimore MD 21250,(39.25437 -76.7135),$24880,$41070,2052,('81%' '82%' '79%'),11093,('51%' '49%'),23%,Co-ed,('44%' '56%'),87%,4%,22%,19%,8%,&lt; 1%,8%,43%
university of maryland college park maryland,2001 Paint Branch Dr College Park MD 20742,(38.99185 -76.93731),$24303,$51984,6072,('52%' '55%' '47%'),50183,('52%' '48%'),23%,Co-ed,('52%' '48%'),95%,5%,18%,14%,11%,&lt; 1%,7%,52%
university of maryland eastern shore umes,J.T. Williams Hall Princess Anne MD 21853,(38.21586 -75.66859),$18809,$29428,484,('85%' '86%' '81%'),7314,('65%' '35%'),7%,Co-ed,('53%' '47%'),63%,3%,1%,76%,4%,&lt; 1%,6%,12%
university of maryland global campus,3501 University Blvd East Adelphi MD 20783-8010,(38.987389 -76.954363),$7704,$12336,180,n/a,n/a,n/a,n/a,Co-ed,('n/a' 'n/a'),52%,2%,6%,29%,15%,1%,14%,36%
university of massachusetts amherst umass amherst,374 Whitmore Building 181 Presidents Drive Amherst MA 01003,(42.38639 -72.52544),$30034,$50559,4872,('66%' '71%' '58%'),42540,('53%' '47%'),17%,Co-ed,('54%' '46%'),91%,7%,10%,5%,7%,&lt; 1%,10%,68%
university of massachusetts boston umass boston,100 Morrissey Boulevard Boston MA 02125,(42.31131 -71.03861),$32811,$53273,2246,('79%' '81%' '73%'),16383,('63%' '37%'),17%,Co-ed,('58%' '42%'),76%,12%,14%,18%,16%,&lt; 1%,15%,37%
university of massachusetts dartmouth umass dartmouth,285 Old Westport Rd North Dartmouth MA 02747,(41.63423 -71.00653),$30383,$46128,1265,('92%' '93%' '90%'),7983,('54%' '46%'),17%,Co-ed,('49%' '51%'),71%,3%,4%,15%,9%,&lt; 1%,13%,59%
university of massachusetts global,16355 Laguna Canyon Road Irvine CA 92618,(33.65598 -117.76936),$12480,$12480,30,('93%' '92%' '93%'),168,('56%' '44%'),49%,Co-ed,('63%' '37%'),19%,0%,5%,11%,13%,2%,15%,55%
university of massachusetts lowell umass lowell,1 University Ave Lowell MA 01854,(42.65257 -71.32539),$29268,$47194,1907,('85%' '86%' '83%'),12493,('47%' '53%'),18%,Co-ed,('40%' '60%'),85%,4%,11%,6%,11%,&lt; 1%,9%,62%
university of memphis,Southern Avenue Memphis TN 38152,(35.11227 -89.89512),$19410,$23442,2593,('95%' '96%' '93%'),14916,('63%' '37%'),18%,Co-ed,('58%' '42%'),76%,2%,4%,36%,5%,&lt; 1%,5%,50%
university of miami,University of Miami Coral Gables FL 33146,(25.71145 -80.2816),$70740,$70740,2766,('28%' '25%' '33%'),42245,('59%' '41%'),23%,Co-ed,('53%' '47%'),92%,15%,6%,10%,28%,&lt; 1%,9%,48%
university of michigan,503 Thompson Street Ann Arbor MI 48109,(42.27613 -83.7432),$28770,$65824,7290,('20%' '22%' '17%'),79743,('49%' '51%'),45%,Co-ed,('55%' '45%'),97%,8%,15%,5%,6%,&lt; 1%,9%,65%
university of michigan dearborn,4901 Evergreen Rd Dearborn MI 48128-1491,(42.31379 -83.22733),$13816,$28048,1052,('69%' '72%' '64%'),8057,('52%' '48%'),20%,Co-ed,('48%' '52%'),84%,9%,10%,8%,7%,&lt; 1%,6%,69%
university of michigan flint,303 E. Kearsley Street Flint MI 48502,(43.01888 -83.68673),$24344,$36568,493,('74%' '76%' '69%'),4021,('63%' '37%'),17%,Co-ed,('57%' '43%'),72%,4%,2%,14%,5%,1%,7%,71%
university of minnesota crookston,2900 University Ave Crookston MN 56716,(47.8024 -96.61152),$21976,$21976,168,('48%' '49%' '46%'),1196,('56%' '44%'),29%,Co-ed,('61%' '39%'),68%,3%,2%,4%,3%,1%,33%,56%
university of minnesota duluth umd,515 Darland Administration Bldg Duluth MN 55812,(46.81244 -92.08832),$22646,$27944,2029,('80%' '81%' '76%'),9610,('54%' '46%'),27%,Co-ed,('50%' '50%'),79%,2%,4%,2%,3%,1%,10%,81%
university of minnesota morris,309 Behmler Hall Morris MN 56267,(45.58643 -95.91445),$22912,$25004,293,('76%' '76%' '75%'),2619,('53%' '47%'),15%,Co-ed,('54%' '46%'),78%,12%,4%,2%,6%,9%,15%,64%
university of minnesota rochester,111 South Broadway Suite 300 Rochester MN 55904,(44.02239 -92.4631),$25112,$25112,174,('80%' '83%' '70%'),1123,('76%' '24%'),19%,Co-ed,('85%' '15%'),80%,0%,13%,8%,5%,&lt; 1%,5%,69%
university of minnesota twin cities minnesota,100 Church Street SE Minneapolis MN 55455,(44.97588 -93.23386),$26188,$44752,6883,('73%' '76%' '68%'),35905,('53%' '47%'),26%,Co-ed,('57%' '43%'),93%,8%,10%,5%,5%,&lt; 1%,9%,70%
university of mississippi ole miss,Oxford Mississippi University MS 38677,(34.36515 -89.53375),$20186,$37028,3580,('90%' '90%' '89%'),19531,('61%' '39%'),20%,Co-ed,('56%' '44%'),85%,3%,2%,14%,3%,&lt; 1%,2%,78%
university of missouri kansas city umkc,5100 Rockhill Rd. Kansas City MO 64110,(39.03442 -94.5757),$22591,$38227,1148,('76%' '78%' '71%'),4967,('66%' '34%'),30%,Co-ed,('64%' '36%'),73%,5%,6%,12%,9%,&lt; 1%,8%,64%
university of missouri mizzou,105 Jesse Hall Columbia MO 65211,(38.94442 -92.32956),$22271,$41246,4843,('77%' '77%' '74%'),19966,('58%' '42%'),32%,Co-ed,('56%' '44%'),87%,4%,3%,8%,4%,&lt; 1%,4%,81%
university of missouri st louis umsl,One University Boulevard Saint Louis MO 63121,(38.71021 -90.31251),$21820,$39138,296,('57%' '55%' '58%'),3054,('61%' '39%'),17%,Co-ed,('53%' '47%'),76%,2%,5%,14%,3%,&lt; 1%,6%,71%
university of mobile,5735 College Parkway Drive Mobile AL 36613,(30.79649 -88.1286),$34943,$34943,253,('64%' '63%' '65%'),1774,('73%' '27%'),22%,Co-ed,('65%' '35%'),76%,4%,2%,22%,2%,1%,4%,68%
university of montana,Missoula Montana Missoula MT 59812,(46.86135 -113.98128),$18486,$39470,1542,('82%' '82%' '81%'),7233,('57%' '43%'),26%,Co-ed,('58%' '42%'),68%,2%,1%,1%,5%,3%,12%,78%
university of montana western umw,710 S Atlantic Dillon MT 59725,(45.20942 -112.64092),$14006,$25470,229,('33%' '33%' '32%'),1275,('61%' '39%'),54%,Co-ed,('59%' '41%'),75%,0%,1%,1%,4%,5%,9%,80%
university of montevallo,Station 6001 Montevallo AL 35115,(33.16944 -86.82055),$23646,$36666,493,('90%' '91%' '87%'),4045,('69%' '31%'),14%,Co-ed,('63%' '37%'),76%,2%,1%,17%,5%,&lt; 1%,7%,69%
university of mount olive,634 Henderson St Mount Olive NC 28365,(35.20801 -78.07083),$31788,$31788,239,('83%' '80%' '86%'),1676,('59%' '41%'),17%,Co-ed,('52%' '48%'),67%,4%,1%,29%,7%,1%,8%,53%
university of mount union,1972 Clark Ave. Alliance OH 44601,(40.90231 -81.1093),$44300,$44300,493,('80%' '82%' '77%'),3514,('45%' '55%'),18%,Co-ed,('50%' '50%'),77%,2%,1%,7%,3%,1%,8%,81%
university of nebraska at kearney,2504 9th Avenue Kearney NE 68849,(40.70093 -99.09391),$19066,$25318,958,('90%' '90%' '89%'),6076,('60%' '40%'),17%,Co-ed,('61%' '39%'),80%,9%,1%,3%,12%,&lt; 1%,3%,82%
university of nebraska lincoln unl,14th and R St Lincoln NE 68588,(40.81689 -96.7011),$21792,$38922,4736,('81%' '81%' '81%'),17775,('54%' '46%'),33%,Co-ed,('53%' '47%'),83%,9%,3%,3%,7%,&lt; 1%,5%,82%
university of nebraska omaha uno,6001 Dodge St Omaha NE 68182,(41.25961 -96.00821),$18550,$32132,2166,('87%' '87%' '86%'),8821,('58%' '42%'),28%,Co-ed,('57%' '43%'),75%,4%,4%,7%,13%,&lt; 1%,6%,70%
university of nevada las vegas unlv,4505 S Maryland Pky Las Vegas NV 89154,(36.10602 -115.13805),$20249,$36340,4125,('83%' '85%' '80%'),13025,('57%' '43%'),38%,Co-ed,('56%' '44%'),76%,4%,17%,8%,30%,&lt; 1%,13%,33%
university of nevada reno,North Virginia Street Reno NV 89557,(39.54746 -119.82098),$20804,$36896,3412,('88%' '89%' '87%'),9421,('54%' '46%'),41%,Co-ed,('53%' '47%'),81%,2%,8%,3%,21%,1%,9%,58%
university of new england,11 Hills Beach Rd Biddeford ME 04005,(43.45847 -70.3893),$55470,$55470,595,('90%' '91%' '87%'),4760,('67%' '33%'),14%,Co-ed,('67%' '33%'),76%,0%,7%,4%,&lt; 1%,1%,34%,55%
university of new hampshire at manchester,88 Commercial Street Manchester NH 03101,(42.98743 -71.46836),$28151,$46351,66,('83%' '85%' '78%'),311,('55%' '45%'),26%,Co-ed,('51%' '49%'),84%,0%,4%,2%,4%,&lt; 1%,16%,74%
university of new hampshire unh,105 Main St. Thompson Hall Durham NH 03824,(43.13713 -70.93253),$31328,$49568,2795,('87%' '89%' '82%'),20149,('59%' '41%'),16%,Co-ed,('58%' '42%'),86%,4%,3%,1%,4%,&lt; 1%,8%,84%
university of new haven unh,300 Boston Post Road West Haven CT 06516,(41.29272 -72.96066),$60828,$60828,1277,('94%' '95%' '92%'),10272,('61%' '39%'),13%,Co-ed,('60%' '40%'),76%,6%,4%,12%,12%,&lt; 1%,8%,63%
university of new mexico gallup campus,705 Gurley Ave. Gallup NM 87301,(35.50142 -108.72625),$1932,$4708,130,n/a,n/a,n/a,n/a,Co-ed,('n/a' 'n/a'),55%,1%,3%,1%,26%,57%,4%,10%
university of new mexico los alamos campus,4000 University Dr Los Alamos NM 87544,(35.88591 -106.31896),$2076,$5568,40,n/a,n/a,n/a,n/a,Co-ed,('n/a' 'n/a'),61%,2%,4%,1%,50%,8%,5%,32%
university of new mexico taos campus,1157 County Road 110 Ranchos de Taos NM 87557,(36.35072 -105.65037),$1872,$4752,47,n/a,n/a,n/a,n/a,Co-ed,('n/a' 'n/a'),33%,1%,2%,1%,55%,9%,6%,27%
university of new mexico unm,1700 Lomas Blvd NE Albuquerque NM 87106,(35.0902 -106.62523),$18301,$35639,3077,('97%' '97%' '97%'),11346,('58%' '42%'),28%,Co-ed,('57%' '43%'),74%,3%,4%,3%,49%,6%,5%,33%
university of new mexico valencia county campus,280 La Entrada Los Lunas NM 87031-7633,(34.72868 -106.7082),$1878,$5130,122,n/a,n/a,n/a,n/a,Co-ed,('n/a' 'n/a'),55%,1%,2%,1%,65%,6%,4%,22%
university of new orleans uno,2000 Lakeshore Drive New Orleans LA 70148,(30.0294 -90.06419),$20568,$25404,1151,('81%' '80%' '81%'),5633,('63%' '37%'),25%,Co-ed,('53%' '47%'),71%,4%,9%,17%,13%,&lt; 1%,6%,55%
university of north alabama,One Harrison Plaza Florence AL 35632,(34.80867 -87.679),$18586,$28186,1013,('90%' '89%' '91%'),3410,('67%' '33%'),33%,Co-ed,('62%' '38%'),75%,3%,2%,14%,3%,1%,9%,71%
university of north carolina at asheville,One University Heights Asheville NC 28804,(35.61441 -82.56287),$17567,$34915,605,('82%' '84%' '76%'),4550,('64%' '36%'),16%,Co-ed,('62%' '38%'),73%,1%,2%,5%,6%,1%,7%,79%
university of north carolina at chapel hill unc,103 South Bldg Cb 9100 Chapel Hill NC 27599,(35.90869 -79.05213),$20910,$48773,4690,('20%' '20%' '19%'),50729,('60%' '40%'),45%,Co-ed,('62%' '38%'),97%,3%,11%,8%,8%,1%,9%,63%
university of north carolina at charlotte unc charlotte,9201 University City Blvd Charlotte NC 28223,(35.3014 -80.73126),$20083,$33517,4256,('79%' '80%' '77%'),20366,('56%' '44%'),26%,Co-ed,('51%' '49%'),82%,3%,7%,17%,10%,&lt; 1%,7%,58%
university of north carolina at greensboro unc greensboro,1400 Spring Garden St Greensboro NC 27402,(36.06535 -79.81296),$17154,$32313,2543,('91%' '91%' '89%'),10696,('67%' '33%'),26%,Co-ed,('66%' '34%'),77%,2%,5%,28%,9%,&lt; 1%,7%,50%
university of north carolina at pembroke,One University Drive Pembroke NC 28372,(34.68998 -79.20085),$14179,$18179,896,('92%' '93%' '89%'),5578,('62%' '38%'),17%,Co-ed,('55%' '45%'),74%,1%,2%,34%,5%,16%,5%,38%
university of north carolina at wilmington unc wilmington,601 South College Road Wilmington NC 28403,(34.2273 -77.87915),$18584,$32649,2435,('68%' '71%' '60%'),15792,('64%' '36%'),23%,Co-ed,('67%' '33%'),83%,2%,2%,5%,7%,1%,7%,79%
university of north carolina school of the arts uncsa,1533 South Main St. Winston-Salem NC 27127,(36.07599 -80.24007),$20443,$37677,208,('30%' '30%' '28%'),1321,('64%' '36%'),53%,Co-ed,('62%' '38%'),88%,2%,3%,10%,6%,1%,7%,73%
university of north dakota und,264 Centennial Drive Stop 8193 Grand Forks ND 58202,(47.91994 -97.07363),$20518,$24959,1755,('89%' '91%' '86%'),5962,('46%' '54%'),33%,Co-ed,('49%' '51%'),80%,7%,2%,3%,4%,1%,7%,82%
university of north florida,1 UNF Drive Jacksonville FL 32224,(30.27248 -81.50714),$16345,$30749,2574,('77%' '79%' '74%'),16004,('62%' '38%'),21%,Co-ed,('58%' '42%'),82%,2%,5%,10%,12%,&lt; 1%,6%,67%
university of north georgia,82 College Circle Dahlonega GA 30597,(34.53037 -83.98537),$16961,$27180,4043,('81%' '81%' '80%'),10380,('55%' '45%'),48%,Co-ed,('54%' '46%'),79%,2%,3%,4%,12%,&lt; 1%,4%,75%
university of north texas at dallas,7300 University Hills Drive Dallas TX 75241,(32.65959 -96.80393),$18820,$31060,367,('90%' '91%' '86%'),2618,('64%' '36%'),16%,Co-ed,('65%' '35%'),73%,1%,2%,33%,51%,&lt; 1%,3%,11%
university of north texas unt,1501 W.Chestnut Ave. Denton TX 76203,(33.21156 -97.14872),$21248,$31064,5563,('81%' '83%' '78%'),24858,('57%' '43%'),27%,Co-ed,('55%' '45%'),78%,4%,6%,14%,25%,&lt; 1%,7%,47%
university of northern colorado unc,Carter Hall - Rm 4000 Greeley CO 80639,(40.40767 -104.69465),$22818,$35937,1256,('91%' '92%' '88%'),10152,('66%' '34%'),14%,Co-ed,('69%' '31%'),72%,2%,2%,4%,20%,&lt; 1%,14%,59%
university of northern iowa,1227 W 27th St Cedar Falls IA 50614,(42.5131 -92.46209),$18213,$28913,1553,('86%' '87%' '82%'),4772,('62%' '38%'),38%,Co-ed,('64%' '36%'),84%,4%,2%,3%,4%,&lt; 1%,6%,84%
university of northwestern ohio,1441 N Cable Rd Lima OH 45805,(40.75938 -84.14713),$18450,$18450,,n/a,n/a,n/a,n/a,,('n/a' 'n/a'),51%,4%,1%,4%,3%,&lt; 1%,25%,68%
university of northwestern st paul,3003 Snelling Ave N Saint Paul MN 55113,(45.038616 -93.168201),$44448,$44448,396,('82%' '85%' '79%'),1415,('53%' '47%'),34%,Co-ed,('56%' '44%'),77%,1%,3%,3%,4%,&lt; 1%,7%,83%
university of notre dame,400 Main Building Notre Dame IN 46556,(41.70331 -86.23876),$75147,$75147,2059,('15%' '14%' '16%'),23642,('51%' '49%'),58%,Co-ed,('48%' '52%'),98%,7%,5%,4%,11%,&lt; 1%,6%,73%
university of oklahoma,660 Parrington Oval Norman OK 73019,(35.21037 -97.44596),$23712,$39516,4582,('85%' '86%' '83%'),17318,('57%' '43%'),31%,Co-ed,('56%' '44%'),90%,5%,7%,5%,10%,4%,12%,63%
university of oregon,110 Johnson Hall Eugene OR 97403,(44.0455 -123.07192),$27930,$53973,4589,('93%' '94%' '91%'),31558,('58%' '42%'),16%,Co-ed,('57%' '43%'),85%,13%,7%,3%,13%,1%,10%,66%
university of pennsylvania upenn,34th &amp; Spruce Street Philadelphia PA 19104,(39.95103 -75.1974),$79014,$79014,2418,('6%' '6%' '5%'),56332,('52%' '48%'),73%,Co-ed,('54%' '46%'),98%,14%,23%,8%,11%,&lt; 1%,9%,48%
university of pikeville,147 Sycamore St Pikeville KY 41501,(37.4791 -82.52086),$30850,$30850,282,n/a,n/a,n/a,n/a,Co-ed,('n/a' 'n/a'),60%,2%,1%,6%,1%,1%,&lt; 1%,92%
university of pittsburgh bradford,300 Campus Drive Bradford PA 16701,(41.94521 -78.67139),$24194,$35834,311,('73%' '72%' '75%'),1243,('60%' '40%'),34%,Co-ed,('54%' '46%'),69%,2%,3%,12%,5%,1%,8%,71%
university of pittsburgh greensburg,150 Finoli Drive Greensburg PA 15601,(40.27646 -79.53216),$25618,$37258,328,('91%' '91%' '90%'),733,('58%' '42%'),49%,Co-ed,('55%' '45%'),67%,1%,5%,6%,6%,&lt; 1%,7%,76%
university of pittsburgh johnstown,450 Schoolhouse Road Johnstown PA 15904,(40.269624 -78.83765),$24688,$36328,465,('92%' '88%' '94%'),1452,('48%' '52%'),35%,Co-ed,('41%' '59%'),73%,2%,2%,4%,2%,&lt; 1%,7%,85%
university of pittsburgh pitt,4200 Fifth Avenue Pittsburgh PA 15260,(40.44455 -79.95462),$32182,$47214,4875,('67%' '68%' '63%'),34656,('57%' '43%'),21%,Co-ed,('59%' '41%'),93%,4%,10%,5%,4%,&lt; 1%,6%,74%
university of pittsburgh titusville,504 East Main Street Titusville PA 16354,(41.62831 -79.66512),$11792,$21882,5,('47%' '44%' '66%'),32,('90%' '10%'),33%,Co-ed,('60%' '40%'),0%,0%,3%,&lt; 1%,3%,3%,6%,85%
university of portland,5000 N Willamette Blvd Portland OR 97203,(45.57406 -122.72343),$64472,$64472,911,('81%' '80%' '81%'),12044,('68%' '32%'),9%,Co-ed,('62%' '38%'),90%,3%,15%,1%,13%,&lt; 1%,10%,59%
university of providence,1301 Twentieth St S Great Falls MT 59405,(47.4913 -111.27304),$36558,$36558,103,('100%' '100%' '100%'),199,('62%' '38%'),52%,Co-ed,('50%' '50%'),52%,2%,5%,3%,11%,1%,10%,70%
university of puerto rico aguadilla,Belt St. Ramey Base Aguadilla PR 00604-6150,(18.50054 -67.13778),$5570,$5570,545,('90%' '89%' '90%'),719,('61%' '39%'),84%,Co-ed,('63%' '37%'),76%,0%,&lt; 1%,1%,98%,&lt; 1%,&lt; 1%,&lt; 1%
university of puerto rico arecibo,Finca las Dunas Carr 653 Ruta 129 Km 8 Arecibo PR 00614-4010,(18.4851 -66.67235),$4940,$4940,706,('56%' '57%' '53%'),1589,('60%' '40%'),80%,Co-ed,('59%' '41%'),79%,0%,&lt; 1%,&lt; 1%,100%,&lt; 1%,&lt; 1%,&lt; 1%
university of puerto rico at ponce,2151 Santiago de los Caballeros Avenue Ponce PR 00716-9996,(17.99173 -66.60633),$4970,$4970,605,('49%' '45%' '53%'),1575,('57%' '43%'),79%,Co-ed,('50%' '50%'),78%,0%,&lt; 1%,&lt; 1%,100%,&lt; 1%,&lt; 1%,&lt; 1%
university of puerto rico bayamon,Road 174 #170 Minillas Industrial Park Bayamon PR 00959,(18.37736 -66.14188),$4970,$4970,815,('79%' '75%' '82%'),1145,('47%' '53%'),90%,Co-ed,('44%' '56%'),77%,0%,&lt; 1%,&lt; 1%,100%,&lt; 1%,&lt; 1%,&lt; 1%
university of puerto rico carolina,Carretera 887 Bo San Anton Carolina PR 00984-4800,(18.39559 -65.99473),$7410,$7410,620,('45%' '42%' '49%'),1908,('66%' '34%'),73%,Co-ed,('61%' '39%'),76%,0%,&lt; 1%,4%,95%,&lt; 1%,&lt; 1%,&lt; 1%
university of puerto rico cayey,205 Antonio R. Barcelo Ave. Cayey PR 00737-2230,(18.11546 -66.16222),$4790,$4790,576,('48%' '48%' '46%'),1451,('67%' '33%'),83%,Co-ed,('69%' '31%'),77%,0%,&lt; 1%,&lt; 1%,100%,&lt; 1%,&lt; 1%,&lt; 1%
university of puerto rico humacao,Call Box 860 Humacao PR 00792,(18.15023 -65.82264),$4980,$4980,684,('51%' '50%' '51%'),1557,('65%' '35%'),87%,Co-ed,('65%' '35%'),82%,0%,&lt; 1%,4%,89%,&lt; 1%,7%,&lt; 1%
university of puerto rico mayaguez,259 Boulevard Alfonso Valdez Mayaguez PR 00681,(18.20974 -67.14399),$4870,$4870,1805,('50%' '45%' '54%'),4701,('51%' '49%'),77%,Co-ed,('44%' '56%'),88%,2%,&lt; 1%,&lt; 1%,93%,&lt; 1%,7%,&lt; 1%
university of puerto rico rio piedras,39 Avenida Ponce de Leon San Juan PR 00931-0000,(18.43118 -66.05886),$4940,$4940,2134,('50%' '49%' '51%'),5677,('63%' '37%'),75%,Co-ed,('63%' '37%'),80%,0%,&lt; 1%,4%,76%,1%,17%,1%
university of puerto rico utuado,Carr. # 10 Km. 52.2 Utuado PR 00641,(18.30672 -66.59916),$4970,$4970,124,('63%' '64%' '60%'),296,('52%' '48%'),67%,Co-ed,('53%' '47%'),68%,0%,&lt; 1%,4%,82%,&lt; 1%,14%,&lt; 1%
university of puget sound,1500 N. Warner Street Tacoma WA 98416,(47.26421 -122.48107),$69620,$69620,436,('88%' '92%' '83%'),5025,('51%' '49%'),9%,Co-ed,('49%' '51%'),81%,1%,7%,1%,9%,&lt; 1%,12%,71%
university of redlands,1200 E. Colton Ave Redlands CA 92373,(34.06226 -117.16394),$69628,$69628,508,('83%' '85%' '79%'),3746,('55%' '45%'),16%,Co-ed,('55%' '45%'),85%,2%,7%,4%,32%,1%,14%,42%
university of rhode island uri,Green Hall 35 Campus Avenue Kingston RI 02881,(41.48325 -71.52734),$28950,$46972,3340,('76%' '79%' '71%'),25105,('61%' '39%'),17%,Co-ed,('59%' '41%'),83%,2%,3%,6%,10%,&lt; 1%,9%,71%
university of richmond,142 UR Drive University of Richmond VA 23173,(37.57319 -77.53985),$72520,$72520,876,('29%' '27%' '31%'),13955,('58%' '42%'),22%,Co-ed,('55%' '45%'),93%,9%,8%,8%,10%,&lt; 1%,10%,64%
university of rio grande,218 N College Ave Rio Grande OH 45674,(38.88271 -82.3796),$31226,$31226,,n/a,n/a,n/a,n/a,,('n/a' 'n/a'),51%,1%,&lt; 1%,3%,1%,&lt; 1%,18%,77%
university of rochester,Wilson Blvd. - Wallis Hall Rochester NY 14627,(43.12659 -77.63158),$76766,$76766,1623,('41%' '44%' '36%'),19543,('50%' '50%'),20%,Co-ed,('51%' '49%'),95%,22%,13%,7%,9%,&lt; 1%,14%,57%
university of saint francis fort wayne,2701 Spring St Fort Wayne IN 46808,(41.08855 -85.17602),$44390,$44390,450,('99%' '99%' '98%'),1323,('62%' '38%'),34%,Co-ed,('64%' '36%'),74%,1%,2%,8%,8%,&lt; 1%,4%,79%
university of saint joseph,1678 Asylum Avenue West Hartford CT 06117,(41.77873 -72.7292),$55816,$55816,186,('78%' '81%' '69%'),1338,('71%' '29%'),18%,Co-ed,('77%' '23%'),83%,1%,5%,13%,15%,&lt; 1%,14%,52%
university of saint katherine,277 Rancheros Dr #200 San Marcos CA 92069,(33.13811 -117.16064),unknown,unknown,,n/a,n/a,n/a,n/a,n/a,('n/a' 'n/a'),n/a,n/a
university of saint mary,4100 S 4th St Leavenworth KS 66048,(39.27775 -94.90431),$40215,$40215,242,('81%' '81%' '80%'),1805,('29%' '71%'),17%,Co-ed,('47%' '53%'),62%,1%,3%,12%,14%,1%,19%,53%
university of san diego usd,5998 Alcala Park San Diego CA 92110,(32.77188 -117.18624),$69110,$69110,1166,('53%' '54%' '50%'),14326,('60%' '40%'),15%,Co-ed,('59%' '41%'),90%,11%,8%,4%,22%,&lt; 1%,10%,56%
university of san francisco usf,2130 Fulton St San Francisco CA 94117,(37.77649 -122.44986),$69612,$69612,1452,('71%' '72%' '67%'),22372,('66%' '34%'),9%,Co-ed,('68%' '32%'),83%,17%,27%,5%,25%,&lt; 1%,11%,31%
university of science and arts of oklahoma,17th Street and Grand Avenue Chickasha OK 73018,(35.02959 -97.95462),$14070,$24930,247,('63%' '66%' '57%'),1064,('68%' '32%'),36%,Co-ed,('69%' '31%'),62%,8%,1%,4%,10%,9%,13%,63%
university of scranton,800 Linden Street Scranton PA 18510,(41.40642 -75.65797),$64552,$64552,895,('80%' '78%' '83%'),9111,('61%' '39%'),12%,Co-ed,('60%' '40%'),87%,2%,3%,2%,9%,&lt; 1%,5%,81%
university of silicon valley,191 Baypointe Parkway San Jose CA 95134,(37.41395 -121.94061),$39526,$39526,16,('51%' '44%' '52%'),154,('24%' '76%'),29%,Co-ed,('17%' '83%'),63%,2%,21%,9%,23%,1%,17%,28%
university of sioux falls,1101 W 22nd St Sioux Falls SD 57105,(43.53306 -96.73886),$27830,$27830,309,('77%' '76%' '76%'),2407,('66%' '34%'),17%,Co-ed,('66%' '34%'),73%,1%,2%,5%,1%,1%,11%,81%
university of south alabama south,307 N University Blvd Mobile AL 36688,(30.69488 -88.17394),$16906,$25162,1778,('71%' '71%' '68%'),11817,('64%' '36%'),21%,Co-ed,('62%' '38%'),74%,6%,3%,24%,4%,1%,6%,63%
university of south carolina aiken usc aiken,471 University Pkwy Aiken SC 29801,(33.57405 -81.7654),$18962,$29420,526,('84%' '85%' '80%'),1808,('66%' '34%'),35%,Co-ed,('64%' '36%'),64%,3%,1%,27%,5%,&lt; 1%,6%,61%
university of south carolina beaufort,1 University Boulevard Bluffton SC 29909,(32.30394 -80.97302),$19170,$30216,424,('84%' '85%' '80%'),2193,('71%' '29%'),23%,Co-ed,('68%' '32%'),63%,2%,2%,22%,8%,1%,9%,59%
university of south carolina lancaster,476 Hubbard Drive Lancaster SC 29720-0889,(34.73592 -80.7899),$7558,$18238,361,('88%' '85%' '90%'),709,('59%' '41%'),59%,Co-ed,('55%' '45%'),47%,0%,2%,14%,6%,1%,8%,68%
university of south carolina salkehatchie,465 James Brandt Blvd Allendale SC 29810-0617,(33.01287 -81.29996),$7558,$18238,125,('72%' '71%' '73%'),369,('52%' '48%'),50%,Co-ed,('45%' '55%'),43%,2%,1%,29%,5%,1%,12%,54%
university of south carolina sumter,200 Miller Rd Sumter SC 29150-2498,(33.9325 -80.37301),$7558,$18238,259,('84%' '86%' '80%'),518,('56%' '44%'),61%,Co-ed,('53%' '47%'),51%,1%,2%,24%,6%,1%,7%,60%
university of south carolina union,309 East Academy St Union SC 29379-0729,(34.7173 -81.62107),$7558,$18238,145,('89%' '88%' '91%'),295,('54%' '46%'),56%,Co-ed,('51%' '49%'),44%,0%,1%,17%,6%,&lt; 1%,6%,69%
university of south carolina upstate usc upstate,800 University Way Spartanburg SC 29303,(34.99437 -81.97044),$20911,$31873,597,('76%' '77%' '71%'),2893,('69%' '31%'),27%,Co-ed,('69%' '31%'),65%,1%,3%,28%,5%,&lt; 1%,7%,56%
university of south carolina usc,Columbia-Campus Columbia SC 29208,(39.21304 -76.88113),$23678,$44918,6174,('62%' '62%' '60%'),42045,('61%' '39%'),24%,Co-ed,('59%' '41%'),88%,4%,3%,9%,5%,&lt; 1%,5%,78%
university of south dakota usd,414 E Clark St Vermillion SD 57069,(42.7825 -96.92494),$18032,$21542,1233,('87%' '87%' '85%'),4272,('65%' '35%'),33%,Co-ed,('65%' '35%'),77%,2%,1%,3%,4%,2%,5%,85%
university of south florida st petersburg,140 Seventh Ave S. St. Petersburg FL 33701,(27.76311 -82.63436),$20698,$28722,,n/a,n/a,n/a,n/a,,('n/a' 'n/a'),74%,1%,4%,8%,17%,&lt; 1%,7%,63%
university of south florida usf,4202 East Fowler Ave Tampa FL 33620,(28.05456 -82.413),$18978,$29892,6279,('49%' '48%' '50%'),50352,('60%' '40%'),25%,Co-ed,('57%' '43%'),91%,7%,8%,11%,22%,&lt; 1%,7%,51%
university of southern california usc,University Park Los Angeles CA 90089,(34.0239 -118.28431),$78235,$78235,3668,('13%' '11%' '13%'),71031,('55%' '45%'),41%,Co-ed,('52%' '48%'),97%,14%,23%,5%,16%,&lt; 1%,11%,44%
university of southern indiana usi,8600 University Blvd Evansville IN 47712,(37.96099 -87.6759),$19196,$30984,1327,('96%' '97%' '94%'),3867,('67%' '33%'),36%,Co-ed,('65%' '35%'),72%,2%,2%,4%,3%,&lt; 1%,3%,88%
university of southern maine,96 Falmouth St Portland ME 04103,(43.66236 -70.27793),$20242,$34242,895,('87%' '89%' '83%'),5397,('62%' '38%'),19%,Co-ed,('61%' '39%'),70%,1%,2%,5%,3%,1%,18%,72%
university of southern mississippi southern miss,118 College Drive # 0001 Hattiesburg MS 39406,(31.32842 -89.33444),$20154,$22154,1587,('96%' '96%' '94%'),9314,('67%' '33%'),18%,Co-ed,('68%' '32%'),72%,2%,1%,29%,3%,1%,4%,62%
university of st francis,500 N Wilcox St Joliet IL 60435,(41.53288 -88.09873),$45210,$45210,204,('68%' '69%' '66%'),1574,('61%' '39%'),19%,Co-ed,('58%' '42%'),79%,3%,2%,8%,20%,&lt; 1%,5%,64%
university of st thomas minnesota,2115 Summit Ave Saint Paul MN 55105,(44.94389 -93.19046),$60141,$60141,1349,('76%' '78%' '72%'),8654,('51%' '49%'),21%,Co-ed,('52%' '48%'),86%,3%,4%,3%,5%,&lt; 1%,6%,81%
university of st thomas texas,3800 Montrose Blvd Houston TX 77006,(29.73836 -95.39179),$41030,$41030,443,('98%' '99%' '97%'),1140,('61%' '39%'),39%,Co-ed,('60%' '40%'),82%,8%,12%,7%,48%,&lt; 1%,5%,27%
university of tampa,401 W Kennedy Blvd Tampa FL 33606,(27.94541 -82.46341),$42964,$42964,3102,('54%' '51%' '57%'),32904,('66%' '34%'),18%,Co-ed,('63%' '37%'),76%,10%,2%,6%,15%,&lt; 1%,11%,66%
university of tennessee,527 Andy Holt Tower Knoxville TN 37996,(35.95159 -83.93377),$25394,$43814,5948,('75%' '76%' '71%'),29909,('62%' '38%'),27%,Co-ed,('58%' '42%'),87%,2%,4%,7%,4%,&lt; 1%,6%,80%
university of tennessee chattanooga,615 McCallie Ave Chattanooga TN 37403,(35.04571 -85.30102),$19348,$35466,2074,('86%' '86%' '83%'),7593,('64%' '36%'),32%,Co-ed,('62%' '38%'),73%,2%,2%,11%,4%,&lt; 1%,5%,77%
university of tennessee martin,554 University Street Martin TN 38238,(36.34306 -88.86248),$16662,$22702,1042,('75%' '76%' '72%'),8704,('67%' '33%'),16%,Co-ed,('63%' '37%'),74%,2%,1%,14%,3%,&lt; 1%,2%,80%
university of texas at arlington ut arlington,701 S. Nedderman Dr. Arlington TX 76013,(32.72893 -97.11519),$22243,$39815,4579,('93%' '93%' '91%'),15498,('57%' '43%'),32%,Co-ed,('56%' '44%'),74%,3%,11%,16%,28%,&lt; 1%,6%,39%
university of texas at austin ut austin,110 Inner Campus Drive Austin TX 78712,(30.28664 -97.73939),$24520,$53764,9060,('29%' '32%' '24%'),66043,('52%' '48%'),48%,Co-ed,('59%' '41%'),95%,6%,22%,4%,24%,&lt; 1%,5%,44%
university of texas at dallas ut dallas,800 West Campbell  Road Richardson TX 75080,(32.97982 -96.75166),$26706,$51918,4042,('87%' '89%' '85%'),18838,('49%' '51%'),25%,Co-ed,('45%' '55%'),88%,4%,32%,6%,19%,&lt; 1%,7%,36%
university of texas at el paso utep,500 W. University Ave El Paso TX 79968,(31.77116 -106.50295),$19240,$34648,3076,('100%' '100%' '99%'),10153,('55%' '45%'),30%,Co-ed,('54%' '46%'),73%,6%,1%,3%,88%,&lt; 1%,1%,7%
university of texas at san antonio utsa,One UTSA Circle San Antonio TX 78249,(29.58508 -98.61738),$19622,$31919,5512,('90%' '92%' '87%'),21726,('59%' '41%'),28%,Co-ed,('55%' '45%'),73%,2%,6%,9%,56%,&lt; 1%,4%,24%
university of texas of the permian basin,4901 E University Odessa TX 79762,(31.88149 -102.32141),$20220,$32874,388,('65%' '63%' '65%'),1212,('46%' '54%'),49%,Co-ed,('46%' '54%'),68%,0%,4%,6%,44%,1%,5%,41%
university of the arts uarts,320 South Broad St Philadelphia PA 19102,(39.9459 -75.16502),$66160,$66160,269,('85%' '83%' '88%'),1293,('72%' '28%'),24%,Co-ed,('67%' '33%'),84%,4%,3%,18%,11%,&lt; 1%,9%,59%
university of the cumberlands,6191 College Station Drive Williamsburg KY 40769,(36.75143 -84.16138),$19175,$19175,613,('85%' '87%' '82%'),2177,('58%' '42%'),33%,Co-ed,('54%' '46%'),62%,3%,1%,4%,3%,&lt; 1%,36%,56%
university of the district of columbia,4200 Connecticut Ave NW Washington DC 20008,(38.94452 -77.0649),$6152,$13004,178,n/a,n/a,n/a,n/a,Co-ed,('n/a' 'n/a'),53%,5%,2%,61%,18%,&lt; 1%,10%,8%
university of the incarnate word,4301 Broadway San Antonio TX 78209,(29.46617 -98.46364),$46222,$46222,966,('94%' '95%' '91%'),8999,('65%' '35%'),11%,Co-ed,('63%' '37%'),74%,6%,3%,8%,57%,&lt; 1%,10%,22%
university of the ozarks,415 N College Ave Clarksville AR 72830,(35.47599 -93.46719),$33950,$33950,201,('55%' '54%' '55%'),1915,('57%' '43%'),19%,Co-ed,('53%' '47%'),75%,20%,1%,10%,13%,1%,10%,65%
university of the pacific,3601 Pacific Ave Stockton CA 95211,(37.98136 -121.30784),$66422,$66422,781,('79%' '81%' '76%'),10901,('61%' '39%'),9%,Co-ed,('58%' '42%'),89%,8%,38%,4%,21%,&lt; 1%,11%,25%
university of the potomac washington dc campus,1401 H Street NW Washington DC 20005,(38.9002 -77.03213),$6660,$6660,72,n/a,n/a,n/a,n/a,Co-ed,('n/a' 'n/a'),100%,23%,45%,23%,5%,&lt; 1%,11%,16%
university of the southwest,6610 North Lovington Hwy Hobbs NM 88240,(32.77427 -103.18747),$25010,$25010,116,n/a,n/a,n/a,n/a,Co-ed,('n/a' 'n/a'),69%,0%,2%,13%,36%,2%,7%,40%
university of the west,1409 Walnut Grove Ave Rosemead CA 91770,(34.04473 -118.08183),$22712,$22712,,n/a,n/a,n/a,n/a,,('n/a' 'n/a'),18%,48%,12%,2%,74%,1%,3%,9%
university of toledo,2801 W Bancroft Toledo OH 43606,(41.66313 -83.61048),$24398,$33758,2332,('97%' '96%' '96%'),9893,('57%' '43%'),24%,Co-ed,('55%' '45%'),76%,6%,2%,12%,6%,&lt; 1%,8%,72%
university of tulsa,800 South Tucker Drive Tulsa OK 74104,(36.14973 -95.94615),$58095,$58095,583,('75%' '76%' '73%'),5958,('59%' '41%'),13%,Co-ed,('54%' '46%'),88%,21%,7%,6%,8%,3%,6%,70%
university of utah,201 Presidents Circle ROOM 201 Salt Lake City UT 84112,(40.76522 -111.8495),$19555,$39007,5361,('95%' '96%' '93%'),18302,('49%' '51%'),31%,Co-ed,('49%' '51%'),89%,5%,6%,1%,13%,&lt; 1%,11%,68%
university of valley forge,1401 Charlestown Road Phoenixville PA 19460,(40.11829 -75.54284),$33794,$33794,123,('82%' '82%' '81%'),416,('47%' '53%'),36%,Co-ed,('56%' '44%'),74%,1%,1%,15%,15%,&lt; 1%,9%,58%
university of vermont uvm,85 S Prospect St Burlington VT 05405,(44.47785 -73.20055),$32326,$57214,2932,('64%' '67%' '55%'),25559,('64%' '36%'),18%,Co-ed,('67%' '33%'),87%,7%,3%,1%,5%,&lt; 1%,6%,84%
university of virginia college at wise,1 College Avenue Wise VA 24293,(36.97013 -82.56047),$22755,$42265,329,('83%' '85%' '80%'),1016,('54%' '46%'),39%,Co-ed,('57%' '43%'),72%,0%,1%,11%,2%,&lt; 1%,12%,74%
university of virginia uva,1827 University Avenue Charlottesville VA 22903,(38.0365 -78.50264),$31904,$66286,3889,('21%' '20%' '20%'),47971,('55%' '45%'),39%,Co-ed,('57%' '43%'),97%,5%,13%,7%,7%,&lt; 1%,14%,59%
university of washington,1400 NE Campus Parkway Seattle WA 98195,(47.65621 -122.31269),$26947,$54777,7252,('53%' '58%' '46%'),48840,('56%' '44%'),28%,Co-ed,('59%' '41%'),94%,13%,25%,3%,8%,&lt; 1%,21%,42%
university of washington bothell campus,18115 Campus Way NE Bothell WA 98011,(47.75897 -122.19084),$26104,$53934,900,('83%' '84%' '81%'),4423,('51%' '49%'),25%,Co-ed,('44%' '56%'),87%,10%,30%,7%,10%,&lt; 1%,9%,43%
university of washington tacoma campus,1900 Commerce St Tacoma WA 98402,(47.24609 -122.4386),$25390,$53220,628,('83%' '84%' '81%'),2233,('55%' '45%'),34%,Co-ed,('50%' '50%'),81%,4%,21%,9%,15%,1%,11%,43%
university of west alabama,Station One Livingston AL 35470,(32.584 -88.1867),$18584,$27684,351,('74%' '73%' '75%'),1539,('63%' '37%'),31%,Co-ed,('57%' '43%'),62%,4%,&lt; 1%,47%,2%,&lt; 1%,6%,44%
university of west florida uwf,11000 University Parkway Pensacola FL 32514,(30.54278 -87.21823),$17628,$30509,1159,('53%' '52%' '52%'),8660,('59%' '41%'),25%,Co-ed,('54%' '46%'),80%,3%,3%,13%,9%,1%,8%,66%
university of west georgia uwg,1601 Maple St Carrollton GA 30118,(33.57107 -85.09669),$17851,$28906,1545,('70%' '73%' '63%'),6590,('62%' '38%'),34%,Co-ed,('60%' '40%'),69%,1%,1%,37%,6%,&lt; 1%,5%,50%
university of wisconsin eau claire,105 Garfield Ave Eau Claire WI 54701,(44.79845 -91.50136),$17446,$25721,2253,('77%' '79%' '73%'),9420,('65%' '35%'),31%,Co-ed,('63%' '37%'),81%,3%,3%,1%,3%,&lt; 1%,3%,90%
university of wisconsin green bay,2420 Nicolet Dr Green Bay WI 54311,(44.53306 -87.92954),$15265,$23483,1208,('91%' '92%' '89%'),5486,('64%' '36%'),24%,Co-ed,('62%' '38%'),71%,2%,3%,2%,5%,1%,3%,86%
university of wisconsin la crosse,1725 State St La Crosse WI 54601,(43.8128 -91.23001),$15965,$24784,2217,('74%' '77%' '68%'),7067,('60%' '40%'),42%,Co-ed,('60%' '40%'),86%,1%,2%,1%,3%,&lt; 1%,3%,90%
university of wisconsin madison wisconsin,500 Lincoln Dr Madison WI 53706,(43.07403 -89.40346),$23268,$51156,8465,('60%' '64%' '56%'),53781,('51%' '49%'),26%,Co-ed,('55%' '45%'),95%,12%,7%,2%,6%,&lt; 1%,5%,80%
university of wisconsin milwaukee uwm,2200 E Kenwood Blvd Milwaukee WI 53211,(43.07552 -87.8821),$20342,$32207,3358,('89%' '89%' '88%'),14859,('59%' '41%'),25%,Co-ed,('54%' '46%'),73%,4%,7%,8%,11%,&lt; 1%,5%,69%
university of wisconsin oshkosh,800 Algoma Blvd Oshkosh WI 54901,(44.02625 -88.55169),$16491,$24064,1786,('90%' '91%' '87%'),8524,('60%' '40%'),23%,Co-ed,('57%' '43%'),78%,1%,4%,2%,5%,&lt; 1%,3%,86%
university of wisconsin parkside,900 Wood Rd Kenosha WI 53144,(42.64738 -87.8492),$15270,$23540,467,('75%' '76%' '72%'),2285,('59%' '41%'),27%,Co-ed,('62%' '38%'),71%,2%,4%,9%,16%,&lt; 1%,4%,66%
university of wisconsin platteville,1 University Plaza Platteville WI 53818,(42.73378 -90.49303),$15915,$24554,1265,('88%' '86%' '88%'),5156,('43%' '57%'),28%,Co-ed,('36%' '64%'),77%,1%,1%,2%,4%,&lt; 1%,2%,90%
university of wisconsin river falls,410 S 3rd St River Falls WI 54022,(44.85512 -92.62309),$15196,$22769,1016,('86%' '88%' '82%'),3933,('66%' '34%'),30%,Co-ed,('67%' '33%'),76%,2%,3%,2%,4%,&lt; 1%,3%,89%
university of wisconsin stevens point,2100 Main St Stevens Point WI 54481,(44.52347 -89.56888),$15971,$24675,1810,('90%' '91%' '88%'),8100,('62%' '38%'),25%,Co-ed,('56%' '44%'),73%,2%,3%,2%,4%,&lt; 1%,3%,88%
university of wisconsin stout,712 S. Broadway St. Menomonie WI 54751,(44.8763 -91.9297),$17005,$25272,1324,('91%' '91%' '91%'),4890,('47%' '53%'),30%,Co-ed,('41%' '59%'),70%,3%,4%,2%,3%,&lt; 1%,3%,88%
university of wisconsin superior,1605 Catlin Ave Superior WI 54880,(46.71951 -92.08749),$15067,$22640,341,('76%' '76%' '75%'),1805,('60%' '40%'),25%,Co-ed,('56%' '44%'),70%,10%,2%,2%,3%,2%,4%,88%
university of wisconsin whitewater,800 W Main St Whitewater WI 53190,(42.83495 -88.74386),$15480,$24352,2127,('83%' '83%' '82%'),8930,('53%' '47%'),29%,Co-ed,('46%' '54%'),82%,2%,2%,4%,6%,&lt; 1%,5%,83%
university of wyoming,Corner of Ninth and Ivinson Laramie WY 82071,(41.31212 -105.58264),$17421,$31971,1477,('97%' '97%' '96%'),5626,('50%' '50%'),27%,Co-ed,('50%' '50%'),78%,4%,1%,1%,8%,1%,16%,73%
upper iowa university,605 Washington St Fayette IA 52142,(42.83867 -91.80082),$43019,$43019,200,('65%' '63%' '65%'),1240,('37%' '63%'),25%,Co-ed,('30%' '70%'),71%,8%,2%,22%,6%,&lt; 1%,8%,61%
